[
  {
    "fname": "Warissara",
    "lname": "Aeomdee",
    "category": "Computer",
    "occupation": "Software Developer",
    "email": "warissara_ar@cmu.ac.th",
    "password": "1234"
  },
  {
    "fname": "Warissara",
    "lname": "Aeomdee",
    "category": "Computer",
    "occupation": "Software Developer",
    "email": "datfdia@gmail.com",
    "password": "1122"
  },
  {
    "fname": "Warissara",
    "lname": "Aeomdee",
    "category": "Computer",
    "occupation": "Software Developer",
    "email": "aaaaa@gmail.com",
    "password": "1111"
  },
  {
    "fname": "Warissara",
    "lname": "Aeomdee",
    "category": "Computer",
    "occupation": "Statistician",
    "email": "aaaaa11@gmail.com",
    "password": "1234"
  }
]